date,lat,lon,magnitude,location
2014-03-31,35.9158,-97.2166,3.1,"4km SE of Langston
2014-03-31,35.9068,-97.2507,2.9,"4km S of Langston
2014-03-31,36.1078,-97.0468,2.5,"1km SE of Stillwater
2014-03-31,36.1138,-97.0343,2.3,"2km E of Stillwater
2014-03-31,36.08,-97.541,2.5,"14km NNE of Crescent
2014-03-31,35.794,-96.978,3.2,"13km NW of Chandler
2014-03-31,35.795,-96.974,2.7,"13km NW of Chandler
2014-03-31,36.8045,-97.5494,2.7,"16km E of Medford
2014-03-30,36.125,-97.64,4.1,"19km NNW of Crescent
2014-03-30,36.13,-97.636,3.4,"20km N of Crescent
2014-03-30,36.121,-97.642,2.6,"19km NNW of Crescent
2014-03-30,36.127,-97.639,2.9,"19km NNW of Crescent
2014-03-30,36.1404,-97.6162,4.3,"20km N of Crescent
2014-03-30,36.1293,-97.6432,3.6,"20km NNW of Crescent
2014-03-30,36.1425,-97.6175,3.5,"21km N of Crescent
2014-03-30,36.1223,-97.6354,3.3,"19km N of Crescent
2014-03-30,36.1418,-97.5916,4.3,"21km N of Crescent
2014-03-30,36.1447,-97.6182,3.5,"21km N of Crescent
2014-03-30,35.4968,-97.2335,2.6,"3km E of Choctaw
2014-03-30,36.1453,-97.6252,3.5,"21km N of Crescent
2014-03-30,35.4979,-97.224,3.7,"4km E of Choctaw
2014-03-29,35.494,-97.249,2.7,"1km ESE of Choctaw
2014-03-29,35.493,-97.246,2.7,"2km ESE of Choctaw
2014-03-29,35.4849,-97.2514,2.4,"2km SE of Choctaw
2014-03-29,35.4924,-97.243,2.9,"2km ESE of Choctaw
2014-03-29,35.558,-97.228,2.5,"5km E of Jones
2014-03-29,35.491,-97.241,3.1,"2km ESE of Choctaw
2014-03-28,36.1689,-96.9749,3.2,"9km NE of Stillwater
2014-03-28,36.135,-97.631,2.8,"20km N of Crescent
2014-03-28,36.135,-97.624,3.1,"20km N of Crescent
2014-03-28,35.67,-97.407,2.4,"6km ENE of Edmond
2014-03-28,35.4965,-97.3065,2.5,"1km ENE of Nicoma Park
2014-03-28,36.292,-96.972,2.7,"15km WSW of Pawnee
2014-03-27,35.897,-97.286,3.2,"6km SSW of Langston
2014-03-26,35.8941,-97.2911,2.7,"6km SSW of Langston
2014-03-25,34.838,-96.096,2.6,"31km WSW of McAlester
2014-03-25,35.7427,-97.5558,3.2,"12km NW of Edmond
2014-03-25,36.9266,-97.662,2.6,"12km SSW of Caldwell
2014-03-24,35.769,-96.652,3,"2km NNE of Stroud
2014-03-24,35.886,-97.288,2.6,"7km SSW of Langston
2014-03-24,36.81,-97.612,2.7,"10km E of Medford
2014-03-23,36.642,-97.66,2.7,"19km SSE of Medford
2014-03-22,36.8124,-97.5915,3.3,"12km E of Medford
2014-03-22,36.6995,-97.7096,2.8,"12km S of Medford
2014-03-22,36.638,-97.661,3,"19km SSE of Medford
2014-03-22,35.88,-97.289,2.5,"7km SSW of Langston
2014-03-22,36.144,-96.966,2.8,"8km ENE of Stillwater
2014-03-22,35.9085,-97.2777,2.7,"4km SSW of Langston
2014-03-22,35.888,-97.299,3.9,"7km SSW of Langston
2014-03-22,35.888,-97.29,3.1,"7km SSW of Langston
2014-03-22,35.892,-97.279,3,"6km SSW of Langston
2014-03-22,35.889,-97.279,2.8,"6km SSW of Langston
2014-03-22,35.889,-97.276,2.6,"6km SSW of Langston
2014-03-22,35.896,-97.27,3.1,"5km SSW of Langston
2014-03-21,35.489,-97.258,2.6,"1km SE of Choctaw
2014-03-21,35.89,-97.282,2.6,"6km SSW of Langston
2014-03-21,36.194,-96.724,2.7,"9km NNW of Yale
2014-03-21,35.9496,-97.4062,2.8,"8km NNE of Guthrie
2014-03-21,36.0872,-97.5418,2.9,"15km NNE of Crescent
2014-03-21,36.684,-98.288,2.8,"9km SE of Cherokee
2014-03-21,36.078,-97.551,2.8,"14km NNE of Crescent
2014-03-21,35.542,-96.761,2.5,"9km NW of Prague
2014-03-21,36.7553,-97.6143,2.4,"12km ESE of Medford
2014-03-20,36.5675,-97.8247,3.3,"19km NNE of Enid
2014-03-20,35.895,-97.275,2.8,"5km SSW of Langston
2014-03-20,35.894,-97.273,2.6,"5km SSW of Langston
2014-03-20,35.891,-97.275,3.3,"6km SSW of Langston
2014-03-20,36.615,-97.6688,3.1,"22km SSE of Medford
2014-03-20,36.6204,-97.6592,2.6,"21km SSE of Medford
2014-03-19,35.953,-96.925,2.9,"10km ESE of Perkins
2014-03-19,35.949,-96.918,3.4,"10km ESE of Perkins
2014-03-19,36.061,-96.909,2.5,"14km ESE of Stillwater
2014-03-19,36.086,-97.5489,2.9,"15km NNE of Crescent
2014-03-19,36.0967,-97.5309,3.1,"17km NNE of Crescent
2014-03-19,36.6204,-97.658,3.1,"21km SSE of Medford
2014-03-18,36.644,-97.68,2.5,"18km SSE of Medford
2014-03-18,36.7043,-98.0422,2.7,"26km NE of Helena
2014-03-18,35.7941,-96.9822,2.5,"13km NW of Chandler
2014-03-18,35.891,-97.282,2.9,"6km SSW of Langston
2014-03-17,36.0799,-97.5474,3,"14km NNE of Crescent
2014-03-17,36.0821,-97.5431,2.5,"15km NNE of Crescent
2014-03-17,35.503,-97.304,2.6,"2km NE of Nicoma Park
2014-03-17,35.893,-97.275,3.1,"6km SSW of Langston
2014-03-17,35.491,-97.244,2.3,"2km ESE of Choctaw
2014-03-17,35.496,-97.307,3.4,"1km ENE of Nicoma Park
2014-03-17,36.4817,-97.7623,2.5,"14km NE of Enid
2014-03-17,36.2853,-97.1177,2.6,"15km E of Perry
2014-03-16,35.865,-97.335,2.7,"8km E of Guthrie
2014-03-15,36.632,-97.669,3,"20km SSE of Medford
2014-03-15,36.636,-97.679,2.9,"19km SSE of Medford
2014-03-15,36.637,-97.669,2.8,"19km SSE of Medford
2014-03-15,36.6313,-97.6687,2.9,"20km SSE of Medford
2014-03-15,36.631,-97.679,2.9,"20km SSE of Medford
2014-03-15,36.6377,-97.6706,2.9,"19km SSE of Medford
2014-03-14,36.161,-96.983,2.8,"8km NE of Stillwater
2014-03-14,35.547,-96.7504,2.8,"8km NW of Prague
2014-03-14,35.951,-97.395,2.6,"8km NNE of Guthrie
2014-03-14,36.0181,-97.0899,2.1,"7km NW of Perkins
2014-03-14,36.02,-97.11,3.1,"8km NW of Perkins
2014-03-13,36.8809,-97.9838,2.5,"23km WNW of Medford
2014-03-13,36.29,-97.124,2.7,"14km E of Perry
2014-03-13,35.738,-97.165,2.5,"8km NNE of Luther
2014-03-12,36.634,-97.678,2.5,"19km SSE of Medford
2014-03-12,36.284,-97.125,2.5,"14km E of Perry
2014-03-12,36.2914,-97.1196,2.5,"15km E of Perry
2014-03-12,35.8125,-96.9392,2.8,"13km NNW of Chandler
2014-03-12,36.6088,-97.6624,2.7,"22km SSE of Medford
2014-03-12,36.542,-97.061,2.7,"15km S of McCord
2014-03-12,35.494,-97.252,2.5,"1km ESE of Choctaw
2014-03-12,35.8845,-97.285,2.5,"7km SSW of Langston
2014-03-11,36.123,-96.904,2.3,"13km E of Stillwater
2014-03-11,35.767,-97.459,2.3,"12km N of Edmond
2014-03-11,35.952,-97.4,2.9,"8km NNE of Guthrie
2014-03-11,35.89,-97.282,3.4,"6km SSW of Langston
2014-03-11,36.132,-97.433,2.5,"21km SW of Perry
2014-03-10,36.122,-96.904,2.1,"13km E of Stillwater
2014-03-10,36.125,-96.907,3.5,"13km E of Stillwater
2014-03-10,35.6699,-97.4004,2.2,"7km ENE of Edmond
2014-03-10,36.449,-97.076,2.6,"25km NE of Perry
2014-03-09,35.8891,-97.2844,2.8,"6km SSW of Langston
2014-03-09,35.4919,-97.2474,3,"2km ESE of Choctaw
2014-03-09,35.495,-97.246,2.3,"2km E of Choctaw
2014-03-09,35.492,-97.252,2.8,"1km ESE of Choctaw
2014-03-09,35.495,-97.242,2.9,"2km E of Choctaw
2014-03-08,35.796,-96.976,3.3,"13km NW of Chandler
2014-03-08,35.491,-97.247,2.4,"2km ESE of Choctaw
2014-03-08,35.89,-97.281,3.1,"6km SSW of Langston
2014-03-08,35.889,-97.284,3,"6km SSW of Langston
2014-03-07,36.777,-98.332,2.5,"3km NE of Cherokee
2014-03-07,36.751,-97.575,2.9,"15km ESE of Medford
2014-03-06,36.294,-97.123,2.5,"14km E of Perry
2014-03-06,36.287,-97.126,2.5,"14km E of Perry
2014-03-06,36.8853,-97.6872,2.6,"9km NNE of Medford
2014-03-06,35.5954,-97.3883,2.6,"8km N of Spencer
2014-03-05,35.593,-97.381,2.7,"7km N of Spencer
2014-03-05,35.593,-97.383,3.3,"7km N of Spencer
2014-03-05,36.151,-96.963,2.1,"9km ENE of Stillwater
2014-03-05,36.151,-96.969,2.4,"8km ENE of Stillwater
2014-03-04,35.798,-96.983,2.9,"14km NW of Chandler
2014-03-04,36.119,-96.903,2.2,"13km E of Stillwater
2014-03-04,35.799,-96.985,2.6,"14km NW of Chandler
2014-03-04,35.954,-97.396,2.5,"8km NNE of Guthrie
2014-03-04,36.17,-96.974,2.3,"9km NE of Stillwater
2014-03-03,36.291,-97.132,2.8,"14km E of Perry
2014-03-03,35.78,-97.471,2.8,"11km SSW of Guthrie
2014-03-03,35.781,-97.471,2.4,"11km SSW of Guthrie
2014-03-03,36.167,-96.982,2.8,"8km NE of Stillwater
2014-03-02,35.9557,-96.9185,2.7,"10km E of Perkins
2014-03-02,36.767,-98.691,2.9,"4km SSW of Alva
2014-03-02,36.544,-97.05,3,"14km S of McCord
2014-03-02,36.542,-97.068,2.8,"15km S of McCord
2014-03-02,35.5067,-97.2356,2.4,"3km ENE of Choctaw
2014-03-02,35.4803,-97.2625,2.4,"2km SSE of Choctaw
2014-03-02,35.636,-97.041,3.5,"14km ESE of Luther
2014-03-02,35.902,-97.2538,2.1,"4km S of Langston
2014-03-01,36.088,-97.084,2.1,"3km SW of Stillwater
2014-03-01,36.091,-97.088,1.6,"3km SW of Stillwater
2014-02-28,35.764,-97.452,2.2,"12km N of Edmond
2014-02-27,36.5438,-97.0616,3.4,"15km S of McCord
2014-02-27,36.4476,-97.0735,3.2,"25km S of McCord
2014-02-26,36.5906,-97.8097,3,"22km NNE of Enid
2014-02-26,36.675,-97.693,3.4,"15km SSE of Medford
2014-02-26,36.5865,-97.8125,3,"21km NNE of Enid
2014-02-25,36.096,-96.996,2.4,"6km ESE of Stillwater
2014-02-25,35.773,-97.463,2.2,"12km SSW of Guthrie
2014-02-24,36.325,-96.828,2.1,"2km WSW of Pawnee
2014-02-24,36.1,-97.072,2.3,"2km SW of Stillwater
2014-02-24,35.817,-96.943,3.2,"13km NNW of Chandler
2014-02-24,36.1645,-96.9845,2.3,"8km NE of Stillwater
2014-02-24,35.568,-97.348,2.7,"5km NNE of Spencer
2014-02-24,35.565,-97.342,2.9,"4km W of Jones
2014-02-24,36.171,-96.9786,3.1,"9km NE of Stillwater
2014-02-23,36.717,-97.702,2.6,"10km SSE of Medford
2014-02-23,36.043,-97.336,2.5,"13km NNW of Langston
2014-02-23,36.036,-97.341,3.3,"12km NW of Langston
2014-02-23,36.0353,-97.3362,3,"12km NW of Langston
2014-02-23,36.4668,-97.0546,2.7,"23km S of McCord
2014-02-23,36.175,-96.981,3.2,"9km NE of Stillwater
2014-02-23,36.103,-97.081,3,"2km SW of Stillwater
2014-02-22,36.097,-97.081,2.2,"2km SW of Stillwater
2014-02-22,36.17,-96.99,2.7,"8km NE of Stillwater
2014-02-22,35.782,-97.468,2.5,"11km SSW of Guthrie
2014-02-21,35.781,-97.4745,3.1,"11km SSW of Guthrie
2014-02-21,36.7898,-98.7003,2.8,"3km WSW of Alva
2014-02-21,36.8695,-97.8886,3.2,"15km WNW of Medford
2014-02-21,35.773,-97.461,2.2,"12km SSW of Guthrie
2014-02-20,35.77,-97.463,2,"12km SSW of Guthrie
2014-02-19,35.777,-97.466,3.1,"11km SSW of Guthrie
2014-02-19,36.1388,-97.3148,2.9,"16km S of Perry
2014-02-18,35.742,-97.353,2.4,"15km NE of Edmond
2014-02-18,35.7761,-97.4717,2.4,"12km SSW of Guthrie
2014-02-18,35.771,-97.454,2.8,"12km SSW of Guthrie
2014-02-18,36.718,-97.71,2.7,"10km SSE of Medford
2014-02-18,35.776,-97.469,2.7,"12km SSW of Guthrie
2014-02-18,35.77,-97.459,3.2,"12km SSW of Guthrie
2014-02-18,35.777,-97.467,3.4,"11km SSW of Guthrie
2014-02-18,36.5526,-97.062,2.7,"14km S of McCord
2014-02-18,35.7716,-97.4628,2.5,"12km SSW of Guthrie
2014-02-18,35.7752,-97.4735,2.6,"12km SSW of Guthrie
2014-02-18,35.7713,-97.4617,2.5,"12km SSW of Guthrie
2014-02-17,35.778,-97.473,2.7,"11km SSW of Guthrie
2014-02-17,35.775,-97.475,3,"12km SSW of Guthrie
2014-02-17,35.772,-97.463,3.1,"12km SSW of Guthrie
2014-02-17,35.77,-97.46,2.7,"12km SSW of Guthrie
2014-02-17,35.773,-97.466,2.6,"12km SSW of Guthrie
2014-02-17,35.776,-97.478,2.9,"12km SSW of Guthrie
2014-02-17,35.771,-97.464,2.5,"12km SSW of Guthrie
2014-02-17,35.777,-97.466,3.2,"11km SSW of Guthrie
2014-02-17,35.776,-97.469,3.8,"12km SSW of Guthrie
2014-02-16,35.777,-97.476,2.1,"12km SSW of Guthrie
2014-02-16,35.778,-97.476,2.6,"12km SSW of Guthrie
2014-02-16,35.776,-97.476,2.1,"12km SSW of Guthrie
2014-02-16,35.78,-97.479,2.6,"12km SSW of Guthrie
2014-02-16,35.781,-97.477,3.3,"11km SSW of Guthrie
2014-02-16,35.781,-97.478,2.2,"11km SSW of Guthrie
2014-02-15,35.7762,-97.473,2.5,"12km SSW of Guthrie
2014-02-15,35.7818,-97.4807,3.1,"11km SSW of Guthrie
2014-02-14,35.775,-97.477,2.9,"12km SSW of Guthrie
2014-02-14,35.7779,-97.4717,2.7,"11km SSW of Guthrie
2014-02-14,35.7756,-97.4693,3,"12km SSW of Guthrie
2014-02-14,35.7752,-97.4752,2.5,"12km SSW of Guthrie
2014-02-14,35.7801,-97.4765,2.9,"11km SSW of Guthrie
2014-02-14,36.367,-97.055,2.7,"22km ENE of Perry
2014-02-13,36.325,-96.993,2.5,"17km W of Pawnee
2014-02-12,36.8372,-97.7237,2.5,"3km NNE of Medford
2014-02-12,36.9963,-97.9271,3.4,"19km SSE of Anthony
2014-02-11,36.993,-97.929,2.5,"19km SSE of Anthony
2014-02-11,36.1265,-97.2952,3,"18km S of Perry
2014-02-11,36.8657,-97.7345,3,"6km N of Medford
2014-02-10,35.8162,-96.9324,3.5,"13km NNW of Chandler
2014-02-10,36.9067,-97.8944,2.8,"18km NW of Medford
2014-02-09,35.5956,-97.4002,2.6,"8km NNW of Spencer
2014-02-09,35.891,-97.297,2.7,"7km SSW of Langston
2014-02-09,35.893,-97.292,4.1,"6km SSW of Langston
2014-02-08,36.0166,-97.1743,2.2,"10km NE of Langston
2014-02-07,36.036,-97.076,2.6,"7km NNW of Perkins
2014-02-06,36.7464,-98.2949,3.3,"5km E of Cherokee
2014-02-05,36.8361,-97.7503,3.5,"3km NNW of Medford
2014-02-04,36.1286,-97.3101,3,"17km S of Perry
2014-02-04,35.483,-97.351,2.6,"2km WSW of Nicoma Park
2014-02-04,36.2227,-97.4201,2.6,"13km WSW of Perry
2014-02-02,36.398,-97.343,2.6,"13km NNW of Perry
2014-02-02,36.5978,-97.9548,2.7,"23km NNW of Enid
2014-02-01,35.5925,-97.3788,2.5,"7km N of Spencer
2014-02-01,35.9505,-96.9074,3.6,"11km ESE of Perkins
2014-01-31,35.474,-96.504,2.9,"2km SW of Boley
2014-01-31,36.6532,-98.2081,3.1,"13km NNE of Helena
2014-01-31,35.983,-97.196,2.7,"6km NE of Langston
2014-01-30,35.947,-96.9153,3.2,"11km ESE of Perkins
2014-01-29,35.9431,-96.9156,2.3,"11km ESE of Perkins
2014-01-29,35.943,-96.908,3.2,"11km ESE of Perkins
2014-01-29,35.9446,-96.9111,3,"11km ESE of Perkins
2014-01-28,35.6,-97.389,3,"8km N of Spencer
2014-01-28,35.578,-98.07,2.9,"11km WNW of El Reno
2014-01-27,36.138,-97.307,2.8,"16km S of Perry
2014-01-26,36.1658,-96.9717,2.6,"9km NE of Stillwater
2014-01-26,35.1097,-96.1792,3.1,"15km SSE of Wetumka
2014-01-25,36.001,-97.055,2.6,"3km NNW of Perkins
2014-01-24,35.721,-97.4304,2.3,"8km NNE of Edmond
2014-01-22,36.1022,-97.0301,2.8,"2km ESE of Stillwater
2014-01-22,36.0975,-97.0304,2.4,"3km SE of Stillwater
2014-01-19,36.1197,-97.0002,2.6,"5km E of Stillwater
2014-01-19,36.786,-98.7,2.7,"3km SW of Alva
2014-01-17,36.138,-96.89,2.8,"15km E of Stillwater
2014-01-15,35.6091,-97.1491,2.6,"7km SE of Luther
2014-01-14,36.332,-96.995,2.8,"17km W of Pawnee
2014-01-13,35.594,-97.389,2.3,"7km N of Spencer
2014-01-11,36.736,-98.289,2.7,"6km ESE of Cherokee
2014-01-10,35.752,-97.478,2.1,"11km N of Edmond
2014-01-10,35.563,-96.747,2.6,"10km NNW of Prague
2014-01-10,35.89,-96.8044,2.6,"11km SSW of Cushing
2014-01-09,35.8184,-96.9338,3,"13km NNW of Chandler
2014-01-09,35.722,-97.43,2.2,"8km NNE of Edmond
2014-01-09,35.721,-97.425,2.3,"8km NNE of Edmond
2014-01-09,35.888,-97.287,2.8,"6km SSW of Langston
2014-01-09,36.1321,-97.3134,2.8,"17km S of Perry
2014-01-09,35.5421,-96.773,3.8,"10km NW of Prague
2014-01-08,35.651,-97.402,2.2,"6km E of Edmond
2014-01-08,36.1352,-96.9764,2.5,"7km ENE of Stillwater
2014-01-08,36.811,-98.369,2.3,"6km N of Cherokee
2014-01-07,35.599,-97.401,2.3,"8km NNW of Spencer
2014-01-04,36.129,-97.322,3.7,"18km S of Perry
2014-01-04,35.819,-96.94,3.2,"14km NNW of Chandler
2014-01-04,36.8398,-98.3576,3.5,"9km N of Cherokee
2014-01-04,36.015,-97.077,2,"6km NW of Perkins
2014-01-04,35.557,-97.234,3,"4km ESE of Jones
2014-01-02,36.127,-96.895,3.2,"14km E of Stillwater
2014-01-02,36.1226,-97.3227,3.1,"18km S of Perry
2014-01-02,35.59,-97.392,2.3,"7km N of Spencer
2013-12-31,36.57,-97.842,2.6,"19km N of Enid
2013-12-31,36.1513,-96.8297,2.9,"12km WNW of Yale
2013-12-31,36.7606,-98.5915,2.9,"8km SE of Alva
2013-12-30,36.473,-97.024,2.9,"22km S of McCord
2013-12-29,35.5728,-97.3345,2.6,"4km W of Jones
2013-12-29,35.8914,-97.2966,3.7,"7km SSW of Langston
2013-12-29,36.958,-97.67,3.6,"9km SW of Caldwell
2013-12-28,36.1404,-97.3219,3.3,"16km S of Perry
2013-12-27,35.6835,-97.3826,3.1,"9km ENE of Edmond
2013-12-27,36.19,-98.501,2.9,"8km SSW of Fairview
2013-12-26,35.595,-97.376,2.5,"8km N of Spencer
2013-12-26,35.504,-97.327,2.5,"1km NNW of Nicoma Park
2013-12-25,34.953,-97.373,2.8,"6km S of Purcell
2013-12-25,35.6012,-97.3837,3,"8km N of Spencer
2013-12-25,35.6829,-97.3947,2.1,"8km ENE of Edmond
2013-12-25,35.6818,-97.3931,3.7,"8km ENE of Edmond
2013-12-22,36.469,-97.047,3.2,"23km S of McCord
2013-12-22,35.5975,-97.4084,2.7,"8km SE of Edmond
2013-12-20,35.597,-97.38,2.2,"8km N of Spencer
2013-12-17,35.4,-96.648,3.4,"10km SSE of Prague
2013-12-17,36.222,-97.013,2.5,"12km NNE of Stillwater
2013-12-15,35.695,-97.388,2.1,"9km ENE of Edmond
2013-12-14,36.7277,-98.2864,2.6,"6km ESE of Cherokee
2013-12-14,35.601,-97.3773,2.5,"8km N of Spencer
2013-12-14,33.7122,-96.8048,2.7,"11km ENE of Whitesboro
2013-12-13,33.7031,-96.6921,2.6,"6km SSW of Pottsboro
2013-12-13,36.74,-98.286,2.8,"6km ESE of Cherokee
2013-12-11,33.6998,-96.7133,2.7,"7km SSW of Pottsboro
2013-12-11,35.602,-97.167,2.6,"7km SSE of Luther
2013-12-10,35.6783,-97.1963,2.4,"1km N of Luther
2013-12-09,35.607,-97.375,2.5,"9km N of Spencer
2013-12-09,35.605,-97.398,2.3,"8km SE of Edmond
2013-12-09,35.602,-97.39,1.8,"8km N of Spencer
2013-12-08,36.1688,-96.9641,2.9,"10km NE of Stillwater
2013-12-08,35.6085,-97.4008,2.3,"8km SE of Edmond
2013-12-08,35.602,-97.382,1.9,"8km N of Spencer
2013-12-08,35.559,-96.754,2.6,"10km NW of Prague
2013-12-08,35.6045,-97.3971,3.3,"9km SE of Edmond
2013-12-07,35.6077,-97.399,3.2,"8km SE of Edmond
2013-12-07,35.6145,-97.4029,2.5,"8km ESE of Edmond
2013-12-07,35.6089,-97.3975,3,"8km SE of Edmond
2013-12-07,35.6073,-97.3863,4.5,"9km ESE of Edmond
2013-12-06,36.8747,-97.9889,3.1,"23km WNW of Medford
2013-12-04,35.892,-97.2864,2.7,"6km SSW of Langston
2013-12-03,35.396,-96.448,2.8,"11km SSE of Boley
2013-12-03,35.8885,-97.2908,2,"7km SSW of Langston
2013-12-03,35.6065,-97.1597,2.4,"6km SSE of Luther
2013-12-02,35.611,-97.378,3.1,"9km N of Spencer
2013-12-02,35.611,-97.379,3.2,"9km N of Spencer
2013-12-02,35.5302,-97.2614,1.9,"3km N of Choctaw
2013-11-30,35.8934,-97.2957,3,"6km SSW of Langston
2013-11-29,36.597,-97.85,2.6,"22km N of Enid
2013-11-29,36.5946,-97.8374,2.6,"22km N of Enid
2013-11-29,36.2172,-97.0179,2.5,"11km NNE of Stillwater
2013-11-28,36.2219,-97.015,2.3,"12km NNE of Stillwater
2013-11-28,35.711,-97.462,2.2,"6km NNE of Edmond
2013-11-28,36.2212,-97.0183,2.4,"12km NNE of Stillwater
2013-11-27,36.5849,-97.8446,3,"21km N of Enid
2013-11-26,35.602,-97.378,3,"8km N of Spencer
2013-11-26,34.43,-97.609,2.5,"24km NNW of Healdton
2013-11-25,35.749,-97.576,2.2,"13km NW of Edmond
2013-11-23,35.748,-97.578,2.9,"13km NW of Edmond
2013-11-22,36.1792,-96.9537,3.6,"11km NE of Stillwater
2013-11-22,35.723,-97.381,2,"11km NE of Edmond
2013-11-22,35.713,-97.433,1.9,"7km NNE of Edmond
2013-11-18,36.183,-96.958,3.2,"11km NE of Stillwater
2013-11-18,36.177,-96.956,2.8,"11km NE of Stillwater
2013-11-18,36.181,-96.958,2.4,"11km NE of Stillwater
2013-11-18,35.601,-97.384,2.8,"8km N of Spencer
2013-11-18,36.192,-96.962,2.1,"12km NE of Stillwater
2013-11-17,35.589,-97.3824,2.5,"7km N of Spencer
2013-11-16,35.595,-97.385,2.7,"8km N of Spencer
2013-11-16,35.596,-97.38,2.5,"8km N of Spencer
2013-11-15,35.594,-97.377,2.6,"7km N of Spencer
2013-11-15,35.5898,-97.3808,3,"7km N of Spencer
2013-11-14,35.6006,-97.3943,2.2,"8km N of Spencer
2013-11-14,35.109,-97.821,2.4,"12km ENE of Chickasha
2013-11-13,35.679,-97.403,2.7,"7km ENE of Edmond
2013-11-13,35.719,-97.421,2.2,"8km NE of Edmond
2013-11-13,35.731,-97.424,1.9,"9km NNE of Edmond
2013-11-13,35.711,-97.421,2.3,"8km NE of Edmond
2013-11-13,35.652,-97.1332,2.7,"5km E of Luther
2013-11-12,35.388,-96.656,3.2,"11km SSE of Prague
2013-11-12,35.721,-97.429,2.2,"8km NNE of Edmond
2013-11-12,36.5875,-97.8382,3.4,"21km N of Enid
2013-11-12,35.7304,-97.4129,1.6,"10km NE of Edmond
2013-11-11,35.7156,-97.4383,3.3,"7km NNE of Edmond
2013-11-11,35.722,-97.431,2.1,"8km NNE of Edmond
2013-11-11,35.721,-97.4311,3.2,"8km NNE of Edmond
2013-11-11,35.6938,-97.4807,2.4,"4km N of Edmond
2013-11-11,35.6934,-97.4431,2.3,"5km NE of Edmond
2013-11-11,35.72,-97.43,1.9,"8km NNE of Edmond
2013-11-11,35.7203,-97.4366,1.9,"8km NNE of Edmond
2013-11-11,35.601,-97.389,2.1,"8km N of Spencer
2013-11-11,35.7198,-97.4289,2.3,"8km NNE of Edmond
2013-11-10,35.722,-97.4302,3.5,"8km NNE of Edmond
2013-11-10,35.539,-97.275,2.5,"3km SSE of Jones
2013-11-10,35.598,-97.37,2.3,"8km N of Spencer
2013-11-10,34.27,-94.912,2.5,"31km NNW of Broken Bow
2013-11-10,35.506,-96.7,2.2,"2km NNW of Prague
2013-11-08,35.598,-97.3737,2.6,"8km N of Spencer
2013-11-08,35.604,-97.3694,2.4,"8km WNW of Jones
2013-11-08,35.5919,-97.3874,3.3,"7km N of Spencer
2013-11-08,35.5911,-97.3809,3.3,"7km N of Spencer
2013-11-08,35.593,-97.372,2.6,"7km N of Spencer
2013-11-07,35.5995,-97.3838,2.1,"8km N of Spencer
2013-11-05,35.5873,-97.4172,3.2,"8km NNW of Spencer
2013-11-05,35.605,-97.3793,2.5,"9km N of Spencer
2013-11-05,35.6038,-97.3715,3.8,"8km N of Spencer
2013-11-04,35.603,-97.391,2,"8km N of Spencer
2013-11-04,36.172,-96.724,2.4,"6km NNW of Yale
2013-11-04,35.603,-97.385,2.5,"8km N of Spencer
2013-11-04,35.599,-97.3863,3.3,"8km N of Spencer
2013-11-03,35.608,-97.381,2.5,"9km N of Spencer
2013-11-02,35.5982,-97.3795,2.6,"8km N of Spencer
2013-11-02,35.5948,-97.3899,3,"8km N of Spencer
2013-11-02,35.5996,-97.3882,2.7,"8km N of Spencer
2013-11-02,35.611,-97.361,3.4,"8km NW of Jones
2013-11-02,35.598,-97.378,3.2,"8km N of Spencer
2013-11-02,35.599,-97.374,2.8,"8km N of Spencer
2013-11-02,35.598,-97.375,2.9,"8km N of Spencer
2013-11-02,35.598,-97.367,3.5,"8km N of Spencer
2013-10-31,36.1,-97.077,2.2,"2km SW of Stillwater
2013-10-30,35.5973,-97.378,2.6,"8km N of Spencer
2013-10-30,35.6038,-97.3782,2.7,"8km N of Spencer
2013-10-27,36.194,-96.7252,2.5,"9km NNW of Yale
2013-10-26,36.5133,-97.8752,3,"13km N of Enid
2013-10-24,36.836,-97.714,2.4,"3km NNE of Medford
2013-10-23,36.2313,-97.584,2.8,"27km WSW of Perry
2013-10-22,36.635,-97.9674,2.9,"27km NNW of Enid
2013-10-20,35.605,-97.376,2.8,"9km N of Spencer
2013-10-20,36.648,-97.829,3.1,"19km SSW of Medford
2013-10-18,35.598,-97.376,2.5,"8km N of Spencer
2013-10-18,35.668,-97.131,2.9,"5km E of Luther
2013-10-15,36.605,-97.818,2.7,"23km NNE of Enid
2013-10-13,35.3924,-96.4576,2.5,"11km SSE of Boley
2013-10-12,36.5982,-97.8174,2.7,"23km NNE of Enid
2013-10-12,36.5821,-97.8222,2.5,"21km NNE of Enid
2013-10-12,34.086,-96.579,3,"16km NE of Kingston
2013-10-11,35.718,-97.43,2.2,"8km NNE of Edmond
2013-10-11,35.495,-96.685,2.1,"0km N of Prague
2013-10-09,36.572,-97.816,2.5,"20km NNE of Enid
2013-10-09,36.1856,-96.8205,2.7,"13km NW of Yale
2013-10-09,36.1819,-96.8286,2.9,"13km WNW of Yale
2013-10-08,36.714,-98.012,2.7,"26km WSW of Medford
2013-10-08,36.726,-98.006,3.2,"25km WSW of Medford
2013-10-08,35.3972,-96.4662,2.6,"10km S of Boley
2013-10-05,36.58,-97.8159,3.3,"21km NNE of Enid
2013-10-05,36.5883,-97.8171,2.9,"22km NNE of Enid
2013-10-03,35.5274,-97.3946,2.9,"1km WNW of Spencer
2013-10-02,35.587,-97.379,2.8,"7km N of Spencer
2013-10-02,36.594,-97.831,3.5,"22km N of Enid
2013-10-01,36.593,-97.836,3.1,"22km N of Enid
2013-10-01,36.592,-97.837,3.2,"22km N of Enid
2013-10-01,35.5934,-97.3814,2.5,"7km N of Spencer
2013-10-01,35.5927,-97.3727,2.9,"7km N of Spencer
2013-09-26,35.5896,-97.3751,3.2,"7km N of Spencer
2013-09-23,33.946,-97.161,3.4,"4km WNW of Marietta
2013-09-23,33.937,-97.163,2.9,"4km W of Marietta
2013-09-23,35.4425,-96.5282,2.6,"6km SW of Boley
2013-09-23,33.9544,-97.1107,3.2,"2km NNE of Marietta
2013-09-22,33.984,-97.162,2.6,"6km NW of Marietta
2013-09-22,36.292,-96.902,2.8,"10km WSW of Pawnee
2013-09-21,33.957,-97.136,2.8,"2km NW of Marietta
2013-09-20,36.704,-98.026,2.7,"27km NE of Helena
2013-09-19,33.9645,-97.2127,2.7,"9km WNW of Marietta
2013-09-19,36.7327,-98.0454,2.7,"27km E of Cherokee
2013-09-15,35.4085,-96.5427,3.1,"10km SSW of Boley
2013-09-08,34.109,-96.883,2.9,"8km W of Oakland
2013-09-07,35.571,-97.282,2.2,"0km NE of Jones
2013-09-05,36.131,-96.876,2.2,"16km E of Stillwater
2013-09-01,35.7,-97.198,2.6,"4km N of Luther
2013-09-01,35.697,-97.197,2.1,"3km N of Luther
2013-08-14,35.5758,-97.1849,2.7,"9km E of Jones
2013-08-13,36.708,-97.685,2.6,"11km SSE of Medford
2013-08-13,36.66,-97.694,2.7,"16km SSE of Medford
2013-08-12,35.715,-97.421,1.6,"8km NE of Edmond
2013-08-10,35.569,-97.289,3.3,"0km NNW of Jones
2013-08-08,36.879,-97.974,2.9,"22km WNW of Medford
2013-08-08,36.863,-97.994,3.2,"24km WNW of Medford
2013-08-08,36.8928,-97.9831,2.8,"24km WNW of Medford
2013-08-08,35.3482,-96.5676,3.3,"16km NE of Seminole
2013-08-05,35.493,-97.232,2.3,"3km E of Choctaw
2013-08-04,36.9688,-97.8342,2.6,"20km NNW of Medford
2013-08-01,35.5179,-97.1282,3,"4km NE of Harrah
2013-08-01,35.657,-97.1336,2.3,"5km E of Luther
2013-07-31,36.85,-97.738,2.9,"4km N of Medford
2013-07-31,35.5725,-97.3018,3,"1km WNW of Jones
2013-07-28,35.115,-97.893,2.5,"7km NNE of Chickasha
2013-07-27,36.921,-98.038,2.9,"25km S of Anthony
2013-07-27,36.66,-97.3869,3.3,"7km WSW of Tonkawa
2013-07-25,36.1,-97.052,1.9,"1km SSE of Stillwater
2013-07-25,36.5844,-97.6823,2,"25km S of Medford
2013-07-24,35.3733,-96.4814,3.5,"13km S of Boley
2013-07-15,36.104,-97.043,1.9,"1km SE of Stillwater
2013-07-14,36.652,-97.985,2.8,"28km ENE of Helena
2013-07-08,35.5021,-96.5209,2.9,"3km WNW of Boley
2013-07-06,35.59,-97.2437,2.7,"4km NE of Jones
2013-07-02,35.513,-96.825,2.6,"7km E of Meeker
2013-07-01,36.586,-97.826,2.7,"21km NNE of Enid
2013-07-01,35.68,-97.09,2.2,"9km ENE of Luther
2013-07-01,36.556,-97.664,3.3,"26km NE of Enid
2013-07-01,36.495,-97.697,2.9,"19km NE of Enid
2013-06-30,36.663,-97.684,2.5,"16km SSE of Medford
2013-06-30,36.673,-97.679,2.6,"15km SSE of Medford
2013-06-30,36.084,-97.045,2,"3km SSE of Stillwater
2013-06-30,34.094,-96.667,3,"9km E of Madill
2013-06-29,35.606,-97.071,3.3,"12km ESE of Luther
2013-06-27,35.219,-97.887,3.1,"10km SW of Tuttle
2013-06-27,35.474,-97.112,3.4,"4km ESE of Harrah
2013-06-26,34.978,-97.69,2.7,"17km S of Blanchard
2013-06-26,35.96,-96.907,3,"11km E of Perkins
2013-06-24,34.47,-96.283,3.2,"9km SW of Coalgate
2013-06-18,35.51,-97.058,2.9,"8km NNE of McLoud
2013-06-17,35.477,-97.102,3.1,"4km NNW of McLoud
2013-06-17,35.467,-97.112,2.5,"3km NNW of McLoud
2013-06-16,35.652,-97.293,2.8,"8km W of Luther
2013-06-16,35.577,-97.217,3.2,"6km E of Jones
2013-06-16,35.459,-97.108,2.7,"2km NNW of McLoud
2013-06-16,35.408,-96.471,3,"9km S of Boley
2013-06-16,35.565,-97.308,3.1,"1km W of Jones
2013-06-14,35.59,-97.312,2.7,"3km NW of Jones
2013-06-12,35.567,-97.307,2.8,"1km W of Jones
2013-06-12,35.472,-96.41,2.8,"7km ESE of Boley
2013-06-11,35.461,-96.995,2.6,"9km ENE of McLoud
2013-06-10,35.466,-97.009,3.3,"8km ENE of McLoud
2013-06-09,35.615,-97.262,3.7,"5km NNE of Jones
2013-06-05,35.9979,-96.8524,2.7,"7km W of Cushing
2013-06-02,35.493,-97.137,2.8,"2km E of Harrah
2013-05-31,34.136,-96.642,2.9,"11km SSE of Tishomingo
2013-05-31,35.419,-97.032,2.3,"5km ESE of McLoud
2013-05-29,35.469,-97.004,2.9,"8km ENE of McLoud
2013-05-27,34.0632,-96.5739,3.1,"15km ENE of Kingston
2013-05-26,35.541,-97.448,2.1,"6km WNW of Spencer
2013-05-22,36.652,-97.662,2.5,"18km SSE of Medford
2013-05-20,35.666,-97.105,3.2,"8km E of Luther
2013-05-19,36.651,-97.664,2.7,"18km SSE of Medford
2013-05-15,35.549,-97.16,2.6,"6km N of Harrah
2013-05-09,35.541,-97.25,2.5,"4km SE of Jones
2013-04-28,35.5779,-97.2658,2.2,"2km NE of Jones
2013-04-28,35.556,-97.265,2.5,"2km ESE of Jones
2013-04-28,35.644,-97.134,3.1,"5km ESE of Luther
2013-04-28,35.61,-97.147,3.3,"7km SE of Luther
2013-04-28,34.1984,-96.8545,3.3,"12km E of Dickson
2013-04-28,34.234,-96.854,3.3,"13km ENE of Dickson
2013-04-27,35.664,-97.129,2.7,"6km E of Luther
2013-04-27,35.656,-97.126,3.4,"6km E of Luther
2013-04-26,35.6711,-97.0989,2.3,"8km E of Luther
2013-04-26,35.671,-97.099,2.3,"8km E of Luther
2013-04-26,35.424,-100.238,2.8,"3km SE of Wheeler
2013-04-25,35.698,-97.162,2.6,"5km NE of Luther
2013-04-24,35.702,-97.114,2.8,"8km ENE of Luther
2013-04-24,35.69,-97.089,3.3,"10km ENE of Luther
2013-04-23,35.679,-97.104,3.1,"8km ENE of Luther
2013-04-22,35.608,-97.237,2.6,"6km NE of Jones
2013-04-20,35.523,-96.75,2.2,"7km NW of Prague
2013-04-20,35.775,-97.215,2.3,"12km N of Luther
2013-04-19,35.657,-97.138,2.8,"5km E of Luther
2013-04-19,35.793,-97.078,2.2,"18km NE of Luther
2013-04-19,35.702,-97.06,2,"13km ENE of Luther
2013-04-17,35.6523,-97.0613,2.6,"12km E of Luther
2013-04-17,35.685,-97.082,3.2,"10km ENE of Luther
2013-04-17,35.704,-97.127,3.4,"7km NE of Luther
2013-04-17,35.681,-97.079,2.8,"10km ENE of Luther
2013-04-17,35.688,-97.072,2.8,"11km ENE of Luther
2013-04-17,35.674,-97.138,3.2,"5km ENE of Luther
2013-04-16,35.663,-97.12,3.6,"6km E of Luther
2013-04-16,35.533,-96.764,3.3,"8km NW of Prague
2013-04-16,35.669,-97.114,2.6,"7km E of Luther
2013-04-16,35.663,-97.126,2.6,"6km E of Luther
2013-04-16,35.687,-97.077,2.7,"11km ENE of Luther
2013-04-16,35.679,-97.107,3.3,"8km ENE of Luther
2013-04-16,35.673,-97.114,3.7,"7km E of Luther
2013-04-16,35.668,-97.115,3.3,"7km E of Luther
2013-04-16,35.619,-97.091,3,"10km ESE of Luther
2013-04-16,35.694,-97.093,2.8,"9km ENE of Luther
2013-04-16,35.69,-97.092,2.5,"9km ENE of Luther
2013-04-16,35.687,-97.109,4.2,"8km ENE of Luther
2013-04-16,35.678,-97.089,2.7,"9km E of Luther
2013-04-16,35.67,-97.109,2.6,"7km E of Luther
2013-04-16,35.684,-97.09,2.5,"9km ENE of Luther
2013-04-16,35.674,-97.106,3.6,"8km E of Luther
2013-04-16,35.672,-97.108,3,"8km E of Luther
2013-04-16,35.685,-97.066,4.4,"12km ENE of Luther
2013-04-16,35.677,-96.94,3,"6km WSW of Chandler
2013-04-12,35.694,-97.459,2.5,"4km NNE of Edmond
2013-04-04,34.941,-95.999,2.9,"20km W of McAlester
2013-03-27,35.651,-97.217,2.4,"2km WSW of Luther
2013-03-26,35.617,-97.226,2.2,"5km SSW of Luther
2013-03-23,35.322,-96.504,2.9,"18km NE of Seminole
2013-03-21,35.467,-97.396,3.2,"1km N of Midwest City
2013-03-21,35.486,-97.387,3.3,"4km NNE of Midwest City
2013-03-21,35.6043,-96.8618,2.3,"10km S of Chandler
2013-03-16,35.521,-96.783,3,"9km WNW of Prague
2013-03-11,35.421,-96.536,3.2,"9km SSW of Boley
2013-03-11,35.513,-96.808,2.5,"8km E of Meeker
2013-03-10,35.554,-97.312,2.3,"2km WSW of Jones
2013-03-06,35.556,-96.766,3.4,"10km NW of Prague
2013-03-04,34.18,-96.661,3.5,"6km SSE of Tishomingo
2013-02-27,35.46,-97.335,3.5,"3km SSW of Nicoma Park
2013-02-27,35.476,-97.234,2.5,"3km SE of Choctaw
2013-02-18,35.5051,-97.2557,2.7,"1km NE of Choctaw
2013-02-12,35.462,-96.539,2.5,"6km SW of Boley
2013-02-11,35.509,-97.239,2.5,"2km ENE of Choctaw
2013-02-02,34.904,-97.427,2.7,"9km NNW of Maysville
2013-01-18,35.619,-97.312,2,"Oklahoma"
2013-01-18,35.638,-97.452,2.1,"Oklahoma City urban area
2013-01-17,35.599,-97.345,2.8,"6km NW of Jones
2013-01-16,35.5921,-97.3558,3.2,"6km WNW of Jones
2013-01-16,35.623,-97.368,3.2,"Oklahoma"
2013-01-08,35.454,-97.275,2.9,"Oklahoma"
2013-01-04,35.38,-96.515,3.4,"Oklahoma"
2013-01-01,34.36,-97.585,2.8,"Oklahoma"
2012-12-16,36.128,-96.855,3.1,"Oklahoma"
2012-12-12,35.37,-96.496,3,"Oklahoma"
2012-12-12,35.532,-96.759,3.1,"Oklahoma"
2012-12-08,35.386,-96.492,2.6,"Oklahoma"
2012-12-03,35.454,-96.529,2.5,"Oklahoma"
2012-12-03,35.499,-97.341,2.5,"Oklahoma City urban area
2012-11-28,35.703,-97.435,2,"Oklahoma"
2012-11-21,35.715,-97.457,2.5,"Oklahoma"
2012-11-20,35.707,-97.463,2.7,"Oklahoma"
2012-11-17,36.661,-97.381,3,"Oklahoma"
2012-11-11,36.663,-97.387,2.8,"Oklahoma"
2012-11-01,35.932,-96.878,2.5,"Oklahoma"
2012-10-30,35.502,-97.27,2.7,"Oklahoma"
2012-10-29,35.497,-97.277,2.2,"Oklahoma"
2012-10-28,35.422,-96.537,3.3,"Oklahoma"
2012-10-21,35.653,-97.215,3.4,"Oklahoma"
2012-10-17,35.67,-97.111,3.2,"Oklahoma"
2012-10-10,35.554,-97.366,2.9,"Oklahoma"
2012-10-09,36.083,-97.386,3.3,"Oklahoma"
2012-09-30,35.528,-96.782,2.7,"Oklahoma"
2012-09-30,35.523,-96.779,3,"Oklahoma"
2012-09-09,35.375,-96.537,3.4,"Oklahoma"
2012-09-02,35.749,-97.519,2.4,"Oklahoma"
2012-08-26,35.64,-97.282,2.6,"Oklahoma"
2012-08-24,35.422,-97.314,2.6,"Oklahoma"
2012-08-18,35.53,-96.777,3.3,"Oklahoma"
2012-08-10,35.544,-96.759,2.4,"Oklahoma"
2012-08-07,35.395,-96.587,3,"Oklahoma"
2012-08-06,35.373,-96.502,2.8,"Oklahoma"
2012-08-03,35.66,-97.3,2.3,"Oklahoma"
2012-08-01,35.5,-97.254,2.5,"Oklahoma"
2012-07-31,35.558,-96.754,3.1,"Oklahoma"
2012-07-30,35.532,-96.757,2.5,"Oklahoma"
2012-07-30,35.497,-96.824,3.4,"Oklahoma"
2012-07-30,35.402,-96.576,2.9,"Oklahoma"
2012-07-08,35.393,-96.478,2.7,"Oklahoma"
2012-07-06,35.539,-96.791,2.6,"Oklahoma"
2012-07-03,35.585,-97.331,3.2,"Oklahoma"
2012-07-02,35.479,-97.345,2.7,"Oklahoma City urban area
2012-06-14,35.407,-97.434,3.1,"Oklahoma City urban area
2012-06-13,35.46,-96.7,3.1,"Oklahoma"
2012-06-13,35.549,-97.238,2.5,"Oklahoma"
2012-06-13,35.535,-97.311,2.8,"Oklahoma"
2012-06-13,35.552,-97.264,3.3,"Oklahoma"
2012-05-27,34.861,-95.608,2.5,"Oklahoma"
2012-05-13,35.539,-97.303,2.9,"Oklahoma"
2012-05-13,35.596,-97.31,2.2,"Oklahoma"
2012-05-11,34.983,-97.638,2.8,"Oklahoma"
2012-05-11,35.512,-96.788,3.2,"Oklahoma"
2012-05-10,35.51,-96.781,3.8,"Oklahoma"
2012-05-07,35.077,-97.496,2.6,"Oklahoma"
2012-05-07,34.984,-97.657,2.5,"Oklahoma"
2012-04-30,35.53,-96.76,3.2,"Oklahoma"
2012-04-28,35.534,-96.748,3.1,"Oklahoma"
2012-04-26,35.547,-96.751,2.3,"Oklahoma"
2012-04-21,35.58,-97.07,3.2,"Oklahoma"
2012-04-16,34.818,-96.245,2.6,"Oklahoma"
2012-04-16,35.53,-96.759,3.8,"Oklahoma"
2012-04-14,34.944,-96.001,3,"Oklahoma"
2012-04-12,35.523,-96.774,3.1,"Oklahoma"
2012-04-09,35.687,-97.111,2.6,"Oklahoma"
2012-04-06,35.72,-97.159,3.1,"Oklahoma"
2012-04-03,34.589,-97.44,2.5,"Oklahoma"
2012-04-03,34.635,-95.875,4.1,"Oklahoma"
2012-03-31,35.437,-96.574,3.3,"Oklahoma"
2012-03-25,35.505,-97.246,2.5,"Oklahoma"
2012-03-10,35.446,-96.572,3.1,"Oklahoma"
2012-03-10,35.593,-97.297,2.4,"Oklahoma"
2012-03-08,35.621,-97.069,2.9,"Oklahoma"
2012-03-03,35.619,-97.063,2.6,"Oklahoma"
2012-02-29,35.725,-97.168,3,"Oklahoma"
2012-02-27,35.433,-96.567,2.8,"Oklahoma"
2012-02-26,35.633,-97.068,2.9,"Oklahoma"
2012-02-22,35.547,-97.282,2.9,"Oklahoma"
2012-02-18,35.811,-96.91,2.9,"Oklahoma"
2012-02-18,35.546,-97.272,2.6,"Oklahoma"
2012-02-08,35.578,-97.286,2.8,"Oklahoma"
2012-02-08,35.538,-96.741,2.5,"Oklahoma"
2012-02-07,35.395,-96.524,3.3,"Oklahoma"
2012-01-29,35.511,-96.788,2.7,"Oklahoma"
2012-01-27,35.6,-96.895,2.5,"Oklahoma"
2012-01-17,35.378,-96.546,3,"Oklahoma"
2012-01-16,35.533,-96.76,2.1,"Oklahoma"
2012-01-11,35.52,-96.776,1.8,"Oklahoma"
2012-01-10,35.647,-97.41,2.1,"Oklahoma City urban area
2012-01-09,35.544,-97.279,2.8,"Oklahoma"
2012-01-06,35.538,-96.766,2.9,"Oklahoma"
2012-01-04,35.534,-97.415,2,"Oklahoma City urban area
2012-01-03,35.536,-96.75,3.4,"Oklahoma"
2012-01-03,35.595,-97.293,2.4,"Oklahoma"
2012-01-01,35.526,-96.766,2.8,"Oklahoma"
2012-01-01,35.53,-96.762,2.8,"Oklahoma"
2011-12-31,35.391,-96.52,3.6,"Oklahoma"
2011-12-31,35.575,-97.288,2.2,"Oklahoma"
2011-12-25,35.398,-96.53,3.6,"Oklahoma"
2011-12-13,35.492,-97.265,2.5,"Oklahoma"
2011-12-12,35.534,-96.751,2.5,"Oklahoma"
2011-12-09,35.475,-96.855,3,"Oklahoma"
2011-12-04,35.728,-97.171,2.3,"Oklahoma"
2011-12-03,35.519,-96.785,2.3,"Oklahoma"
2011-12-03,35.525,-96.768,3.3,"Oklahoma"
2011-12-01,35.481,-97.034,2.7,"Oklahoma"
2011-11-29,34.923,-96,2.7,"Oklahoma"
2011-11-29,35.536,-96.759,2.7,"Oklahoma"
2011-11-27,35.728,-97.166,3.1,"Oklahoma"
2011-11-26,35.513,-96.766,2.4,"Oklahoma"
2011-11-25,35.512,-96.746,3.4,"Oklahoma"
2011-11-25,35.461,-96.881,3.4,"Oklahoma"
2011-11-25,35.461,-96.887,2.5,"Oklahoma"
2011-11-24,35.563,-96.788,3.4,"Oklahoma"
2011-11-21,35.503,-96.81,3,"Oklahoma"
2011-11-21,35.734,-97.164,2.8,"Oklahoma"
2011-11-20,35.624,-97.19,2.6,"Oklahoma"
2011-11-20,35.551,-96.745,2.8,"Oklahoma"
2011-11-18,35.541,-96.762,3.3,"Oklahoma"
2011-11-18,35.566,-97.294,2.8,"Oklahoma"
2011-11-16,35.505,-96.803,3.2,"Oklahoma"
2011-11-16,35.518,-96.779,2.7,"Oklahoma"
2011-11-16,35.521,-96.785,2.8,"Oklahoma"
2011-11-15,35.521,-96.775,2.2,"Oklahoma"
2011-11-14,35.476,-96.868,2.4,"Oklahoma"
2011-11-14,35.543,-96.752,2.5,"Oklahoma"
2011-11-14,35.794,-98.451,2.6,"Oklahoma"
2011-11-14,35.521,-96.782,3.2,"Oklahoma"
2011-11-13,35.465,-96.878,2.9,"Oklahoma"
2011-11-13,35.457,-96.876,3.2,"Oklahoma"
2011-11-13,35.464,-96.869,2.5,"Oklahoma"
2011-11-12,35.604,-96.857,1.6,"Oklahoma"
2011-11-12,35.532,-96.753,3.2,"Oklahoma"
2011-11-12,35.545,-96.73,3.1,"Oklahoma"
2011-11-11,35.537,-96.753,3.2,"Oklahoma"
2011-11-10,35.487,-96.85,3.2,"Oklahoma"
2011-11-09,35.521,-96.786,2.9,"Oklahoma"
2011-11-09,35.513,-97.39,3,"Oklahoma City urban area
2011-11-09,35.534,-96.761,3.4,"Oklahoma"
2011-11-08,35.526,-96.77,3.5,"Oklahoma"
2011-11-08,35.52,-96.786,3.1,"Oklahoma"
2011-11-08,35.531,-96.788,4.8,"Oklahoma"
2011-11-07,35.506,-96.798,3.2,"Oklahoma"
2011-11-07,35.477,-96.856,3.1,"Oklahoma"
2011-11-07,35.512,-96.786,3.1,"Oklahoma"
2011-11-07,35.518,-96.8,2.5,"Oklahoma"
2011-11-07,35.533,-96.75,3.1,"Oklahoma"
2011-11-07,35.518,-96.786,3.3,"Oklahoma"
2011-11-07,35.522,-96.778,3,"Oklahoma"
2011-11-07,35.504,-96.808,2.9,"Oklahoma"
2011-11-06,35.55,-96.751,2.9,"Oklahoma"
2011-11-06,35.473,-96.869,3.1,"Oklahoma"
2011-11-06,35.494,-96.828,3.4,"Oklahoma"
2011-11-06,35.517,-96.769,2.9,"Oklahoma"
2011-11-06,35.484,-96.856,3.8,"Oklahoma"
2011-11-06,35.485,-96.866,2.9,"Oklahoma"
2011-11-06,35.522,-96.819,2.8,"Oklahoma"
2011-11-06,35.496,-96.838,3.1,"Oklahoma"
2011-11-06,35.537,-96.779,3.6,"Oklahoma"
2011-11-06,35.469,-96.865,3.7,"Oklahoma"
2011-11-06,35.485,-96.844,3.5,"Oklahoma"
2011-11-06,35.525,-96.771,3.1,"Oklahoma"
2011-11-06,35.585,-96.836,3,"Oklahoma"
2011-11-06,35.517,-96.834,3.6,"Oklahoma"
2011-11-06,35.48,-96.847,3.2,"Oklahoma"
2011-11-06,35.479,-96.859,3.7,"Oklahoma"
2011-11-06,35.546,-96.749,3.3,"Oklahoma"
2011-11-06,35.522,-96.776,3.9,"Oklahoma"
2011-11-06,35.515,-96.789,3,"Oklahoma"
2011-11-06,35.521,-96.771,4,"Oklahoma"
2011-11-06,35.532,-96.765,5.6,"Oklahoma"
2011-11-06,35.546,-96.749,3,"Oklahoma"
2011-11-05,35.518,-96.778,3.6,"Oklahoma"
2011-11-05,35.53,-96.766,3.2,"Oklahoma"
2011-11-05,35.525,-96.773,3.4,"Oklahoma"
2011-11-05,35.528,-96.766,3.3,"Oklahoma"
2011-11-05,35.533,-96.757,2.6,"Oklahoma"
2011-11-05,35.554,-96.769,2.6,"Oklahoma"
2011-11-05,35.54,-96.761,2.6,"Oklahoma"
2011-11-05,35.544,-96.765,3.3,"Oklahoma"
2011-11-05,35.55,-96.764,4.8,"Oklahoma"
2011-10-28,35.525,-97.386,3.4,"Oklahoma City urban area
2011-10-28,35.518,-97.38,3.2,"Oklahoma City urban area
2011-10-27,35.574,-97.286,2.4,"Oklahoma"
2011-10-23,35.511,-97.391,2.8,"Oklahoma City urban area
2011-10-23,35.508,-97.387,2.6,"Oklahoma City urban area
2011-10-18,35.48,-97.359,2.9,"Oklahoma City urban area
2011-10-13,35.899,-96.696,2.5,"Oklahoma"
2011-10-05,35.504,-97.232,3,"Oklahoma"
2011-10-02,35.56,-97.283,2.5,"Oklahoma"
2011-09-18,35.5,-97.245,2.6,"Oklahoma"
2011-09-12,35.629,-97.244,3.3,"Oklahoma"
2011-09-11,35.642,-97.217,2.4,"Oklahoma"
2011-09-06,34.575,-97.244,2.6,"Oklahoma"
2011-09-06,35.466,-97.045,3,"Oklahoma"
2011-09-05,35.524,-97.375,2.7,"Oklahoma City urban area
2011-09-05,35.665,-97.222,2.7,"Oklahoma"
2011-09-01,34.667,-96.394,2.5,"Oklahoma"
2011-09-01,35.657,-97.298,2.5,"Oklahoma"
2011-09-01,35.624,-97.233,2.6,"Oklahoma"
2011-08-31,35.498,-97.25,3,"Oklahoma"
2011-08-23,35.521,-97.364,2.9,"Oklahoma City urban area
2011-08-22,35.526,-97.366,2.5,"Oklahoma City urban area
2011-08-18,34.881,-97.744,3,"Oklahoma"
2011-08-17,35.467,-97.366,2.7,"Oklahoma City urban area
2011-08-16,35.512,-97.194,2.1,"Oklahoma"
2011-08-10,35.654,-97.301,2.5,"Oklahoma"
2011-08-07,35.48,-97.372,2.5,"Oklahoma City urban area
2011-08-07,35.436,-97.449,2.5,"Oklahoma City urban area
2011-08-01,35.522,-97.226,3,"Oklahoma"
2011-07-30,35.499,-97.257,2.6,"Oklahoma"
2011-07-30,35.499,-97.249,2.7,"Oklahoma"
2011-07-28,35.507,-97.242,2.3,"Oklahoma"
2011-07-24,35.418,-96.552,2.5,"Oklahoma"
2011-07-22,34.679,-96.395,2.6,"Oklahoma"
2011-07-16,35.414,-96.548,2.5,"Oklahoma"
2011-07-15,34.745,-96.11,2.6,"Oklahoma"
2011-07-01,35.632,-97.121,2.6,"Oklahoma"
2011-06-17,35.616,-97.248,2.5,"Oklahoma"
2011-05-28,34.517,-96.496,2.9,"Oklahoma"
2011-05-21,35.584,-97.193,2.7,"Oklahoma"
2011-05-19,35.586,-97.196,2.8,"Oklahoma"
2011-05-15,35.437,-96.569,2.9,"Oklahoma"
2011-05-11,35.713,-97.432,2.5,"Oklahoma"
2011-05-10,35.458,-97.026,2.7,"Oklahoma"
2011-04-26,34.692,-97.44,2.5,"Oklahoma"
2011-03-31,35.439,-96.53,3.2,"Oklahoma"
2011-03-25,35.43,-96.539,2.6,"Oklahoma"
2011-03-23,34.666,-97.446,2.5,"Oklahoma"
2011-03-23,35.571,-97.073,2.8,"Oklahoma"
2011-03-17,34.854,-97.746,2.7,"Oklahoma"
2011-03-11,35.45,-97.087,3.1,"Oklahoma"
2011-03-03,35.45,-97.083,2.8,"Oklahoma"
2011-02-22,35.434,-97.001,2.8,"Oklahoma"
2011-02-19,35.751,-99.667,2.7,"Oklahoma"
2011-02-17,35.615,-97.243,2.5,"Oklahoma"
2011-02-15,35.539,-97.249,2.5,"Oklahoma"
2011-02-14,35.51,-97.407,2.3,"Oklahoma City urban area
2011-02-04,35.483,-97.397,2.4,"Oklahoma City urban area
2011-02-04,35.48,-97.402,2.6,"Oklahoma City urban area
2011-02-02,35.627,-97.166,2.6,"Oklahoma"
2011-01-30,35.609,-97.122,2.5,"Oklahoma"
2011-01-25,34.713,-97.466,2.6,"Oklahoma"
2011-01-22,35.611,-97.121,2.5,"Oklahoma"
2011-01-19,35.621,-97.112,2.8,"Oklahoma"
2011-01-18,34.566,-97.43,2.8,"Oklahoma"
2011-01-18,34.56,-97.433,2.6,"Oklahoma"
2011-01-15,35.509,-97.222,3.4,"Oklahoma"
2011-01-12,35.506,-97.222,2.6,"Oklahoma"
2011-01-12,35.516,-97.225,2.7,"Oklahoma"
2011-01-11,35.84,-96.916,2.6,"Oklahoma"
2011-01-10,34.785,-96.671,2.7,"Oklahoma"
2011-01-08,35.612,-97.249,2.7,"Oklahoma"
2011-01-07,35.435,-96.983,2.5,"Oklahoma"
2011-01-06,35.569,-97.277,2.8,"Oklahoma"
2011-01-04,35.556,-97.237,2.9,"Oklahoma"
2011-01-03,34.693,-97.408,2.6,"Oklahoma"
2011-01-01,35.837,-96.916,2,"Oklahoma"
2011-01-01,35.837,-96.916,2.8,"Oklahoma"
2010-12-31,35.536,-97.247,2.6,"Oklahoma"
2010-12-29,34.676,-97.44,2.6,"Oklahoma"
2010-12-28,34.696,-95.893,3.1,"Oklahoma"
2010-12-25,34.675,-96.34,2.6,"Oklahoma"
2010-12-24,34.69,-96.361,3,"Oklahoma"
2010-12-21,34.671,-96.384,2.5,"Oklahoma"
2010-12-21,34.659,-96.348,2.6,"Oklahoma"
2010-12-21,34.657,-96.386,2.6,"Oklahoma"
2010-12-20,34.651,-96.391,2.6,"Oklahoma"
2010-12-20,35.579,-97.246,2.5,"Oklahoma"
2010-12-20,34.662,-96.371,2.7,"Oklahoma"
2010-12-19,35.827,-96.772,3.3,"Oklahoma"
2010-12-14,35.44,-96.982,2.5,"Oklahoma"
2010-12-14,35.611,-97.234,2.6,"Oklahoma"
2010-12-12,34.659,-95.957,2.6,"Oklahoma"
2010-12-12,35.854,-96.801,2.4,"Oklahoma"
2010-12-12,35.433,-96.992,2.9,"Oklahoma"
2010-12-12,35.444,-96.976,2.8,"Oklahoma"
2010-12-12,35.431,-96.981,3.2,"Oklahoma"
2010-12-10,35.492,-96.84,2.6,"Oklahoma"
2010-11-30,34.688,-97.4,2.5,"Oklahoma"
2010-11-29,35.618,-97.246,2.6,"Oklahoma"
2010-11-28,35.617,-97.249,2.5,"Oklahoma"
2010-11-28,35.62,-97.245,2.4,"Oklahoma"
2010-11-28,35.621,-97.24,2.4,"Oklahoma"
2010-11-28,35.619,-97.239,3.3,"Oklahoma"
2010-11-28,35.612,-97.242,3.5,"Oklahoma"
2010-11-28,35.654,-97.224,3,"Oklahoma"
2010-11-28,35.613,-97.245,3.2,"Oklahoma"
2010-11-25,35.611,-97.241,2.7,"Oklahoma"
2010-11-25,35.613,-97.235,2.6,"Oklahoma"
2010-11-25,35.621,-97.241,2.5,"Oklahoma"
2010-11-24,35.614,-97.24,3.1,"Oklahoma"
2010-11-24,35.612,-97.246,3.9,"Oklahoma"
2010-11-21,34.552,-96.267,2.5,"Oklahoma"
2010-11-16,34.719,-97.396,2.7,"Oklahoma"
2010-11-12,35.554,-97.169,2.1,"Oklahoma"
2010-11-02,35.557,-97.299,2.5,"Oklahoma"
2010-10-29,35.59,-97.238,2.7,"Oklahoma"
2010-10-29,35.59,-97.241,2.4,"Oklahoma"
2010-10-28,35.59,-97.243,2.5,"Oklahoma"
2010-10-28,35.585,-97.243,2,"Oklahoma"
2010-10-28,35.591,-97.234,2.5,"Oklahoma"
2010-10-25,34.874,-97.741,3.2,"Oklahoma"
2010-10-25,35.485,-97.281,2.3,"Oklahoma"
2010-10-21,35.06,-95.606,2.5,"Oklahoma"
2010-10-19,35.136,-97.333,2.8,"Oklahoma"
2010-10-19,35.018,-95.584,2.7,"Oklahoma"
2010-10-18,36.037,-97.398,2.5,"Oklahoma"
2010-10-13,35.192,-97.32,4.4,"Oklahoma"
2010-10-13,35.554,-97.23,2.3,"Oklahoma"
2010-10-06,35.616,-97.257,2.8,"Oklahoma"
2010-10-01,34.861,-96.029,3.1,"Oklahoma"
2010-09-26,35.609,-97.238,2.5,"Oklahoma"
2010-09-26,35.558,-97.237,2.5,"Oklahoma"
2010-09-25,35.565,-97.286,2.4,"Oklahoma"
2010-09-25,34.109,-96.715,3.3,"Oklahoma"
2010-09-24,35.615,-97.259,2.5,"Oklahoma"
2010-09-23,35.459,-97.189,2.5,"Oklahoma"
2010-09-22,35.61,-97.259,2.5,"Oklahoma"
2010-09-21,35.612,-97.256,1.8,"Oklahoma"
2010-09-21,35.468,-97.188,2.3,"Oklahoma"
2010-09-20,35.614,-97.251,2.7,"Oklahoma"
2010-09-20,35.615,-97.247,2.4,"Oklahoma"
2010-09-19,35.611,-97.246,3.5,"Oklahoma"
2010-09-17,35.611,-97.255,2.3,"Oklahoma"
2010-09-16,35.609,-97.243,3.3,"Oklahoma"
2010-09-15,35.604,-97.245,1.6,"Oklahoma"
2010-09-15,35.611,-97.245,2.2,"Oklahoma"
2010-09-15,35.609,-97.242,3.1,"Oklahoma"
2010-09-11,35.455,-97.298,2.1,"Oklahoma"
2010-09-11,35.474,-97.031,2.4,"Oklahoma"
2010-09-10,35.608,-97.238,2.6,"Oklahoma"
2010-09-08,35.561,-97.29,2.5,"Oklahoma"
2010-09-08,35.557,-97.294,2.7,"Oklahoma"
2010-09-04,35.611,-97.24,3.3,"Oklahoma"
2010-09-03,35.54,-97.003,2.7,"Oklahoma"
2010-09-01,35.609,-97.243,2.5,"Oklahoma"
2010-09-01,35.604,-97.241,2.9,"Oklahoma"
2010-09-01,35.611,-97.235,3.1,"Oklahoma"
2010-08-29,35.61,-97.237,2.5,"Oklahoma"
2010-08-29,35.56,-97.296,2.4,"Oklahoma"
2010-08-29,35.61,-97.237,2.5,"Oklahoma"
2010-08-24,35.54,-96.761,2.5,"Oklahoma"
2010-08-24,35.526,-96.763,2.6,"Oklahoma"
2010-08-13,35.585,-97.227,2.6,"Oklahoma"
2010-08-08,34.918,-97.456,2.8,"Oklahoma"
2010-08-07,34.679,-96.096,2.9,"Oklahoma"
2010-08-02,35.558,-97.248,2.1,"Oklahoma"
2010-08-02,35.555,-97.243,2.9,"Oklahoma"
2010-08-02,35.557,-97.241,2.8,"Oklahoma"
2010-08-02,35.559,-97.241,3.4,"Oklahoma"
2010-07-26,35.562,-97.245,2.9,"Oklahoma"
2010-07-16,34.677,-96.114,2.6,"Oklahoma"
2010-07-15,35.543,-97.259,2.2,"Oklahoma"
2010-07-14,35.544,-97.258,2.3,"Oklahoma"
2010-07-14,36.851,-98.222,2.7,"Oklahoma"
2010-07-14,34.638,-96.375,2.5,"Oklahoma"
2010-07-04,35.566,-97.276,2.6,"Oklahoma"
2010-07-04,35.56,-97.282,2,"Oklahoma"
2010-07-02,35.564,-97.289,2.7,"Oklahoma"
2010-07-01,35.56,-97.28,2.6,"Oklahoma"
2010-07-01,34.251,-97.452,2.5,"Oklahoma"
2010-07-01,34.258,-97.44,2.6,"Oklahoma"
2010-06-30,34.266,-97.476,2.7,"Oklahoma"
2010-06-22,35.531,-97.291,2.7,"Oklahoma"
2010-06-21,34.752,-96.547,2.5,"Oklahoma"
2010-06-19,35.015,-97.417,2.7,"Oklahoma"
2010-06-14,34.865,-97.676,3.1,"Oklahoma"
2010-06-12,35.632,-97.198,2.7,"Oklahoma"
2010-06-10,35.583,-97.148,2.3,"Oklahoma"
2010-05-27,35.528,-97.295,2.4,"Oklahoma"
2010-05-13,35.533,-97.286,2.4,"Oklahoma"
2010-05-13,35.482,-97.262,2.4,"Oklahoma"
2010-05-09,35.529,-97.296,2.5,"Oklahoma"
2010-05-09,35.53,-97.296,2.4,"Oklahoma"
2010-05-07,35.525,-97.312,2.4,"Oklahoma"
2010-05-07,35.528,-97.299,3.4,"Oklahoma"
2010-05-07,35.484,-97.255,2.5,"Oklahoma"
2010-04-29,34.649,-96.391,2.7,"Oklahoma"
2010-04-29,35.531,-97.294,2.6,"Oklahoma"
2010-04-25,35.559,-97.265,2.4,"Oklahoma"
2010-04-22,35.524,-97.302,2.5,"Oklahoma"
2010-04-21,35.486,-97.259,2.8,"Oklahoma"
2010-04-21,35.497,-97.264,2.6,"Oklahoma"
2010-04-18,35.557,-97.253,2.2,"Oklahoma"
2010-04-17,35.499,-97.263,2.4,"Oklahoma"
2010-04-17,35.465,-97.299,1.9,"Oklahoma"
2010-04-15,34.309,-97.373,2.5,"Oklahoma"
2010-04-15,34.631,-96.268,3.2,"Oklahoma"
2010-04-15,34.67,-96.333,2.4,"Oklahoma"
2010-04-15,34.705,-96.398,3,"Oklahoma"
2010-04-12,34.635,-96.323,2.8,"Oklahoma"
2010-04-12,35.611,-97.122,3,"Oklahoma"
2010-04-10,35.531,-97.275,2.5,"Oklahoma"
2010-04-10,35.532,-97.288,2.8,"Oklahoma"
2010-04-08,35.523,-97.284,3.4,"Oklahoma"
2010-04-07,35.54,-96.73,2.5,"Oklahoma"
2010-04-03,35.525,-97.296,2.7,"Oklahoma"
2010-04-03,35.542,-97.304,2.8,"Oklahoma"
2010-04-03,35.528,-97.284,2.4,"Oklahoma"
2010-04-01,35.58,-96.748,2.5,"Oklahoma"
2010-03-22,35.541,-96.74,2.3,"Oklahoma"
2010-03-22,35.574,-96.781,2.3,"Oklahoma"
2010-03-22,35.58,-96.765,2.8,"Oklahoma"
2010-03-22,35.556,-96.797,2.7,"Oklahoma"
2010-03-22,36.091,-97.452,2.6,"Oklahoma"
2010-03-22,35.556,-96.75,3.7,"Oklahoma"
2010-03-19,35.554,-97.473,2.4,"Oklahoma City urban area
2010-03-17,35.575,-96.786,2.5,"Oklahoma"
2010-03-13,35.387,-98.113,3.1,"Oklahoma"
2010-03-12,35.658,-97.222,2.7,"Oklahoma"
2010-03-12,35.53,-97.381,1.7,"Oklahoma City urban area
2010-03-11,35.475,-98.123,3.4,"Oklahoma"
2010-03-11,35.388,-98.078,2.9,"Oklahoma"
2010-03-11,35.401,-98.06,3,"Oklahoma"
2010-03-11,35.384,-98.06,2.7,"Oklahoma"
2010-03-11,35.4,-98.1,2.7,"Oklahoma"
2010-03-11,35.398,-98.07,2.8,"Oklahoma"
2010-03-11,35.378,-98.046,3,"Oklahoma"
2010-03-10,35.599,-96.769,3.1,"Oklahoma"
2010-03-06,35.621,-96.983,2.2,"Oklahoma"
2010-03-05,35.582,-96.784,3.1,"Oklahoma"
2010-03-03,35.549,-97.281,2.5,"Oklahoma"
2010-03-01,35.547,-96.775,2.6,"Oklahoma"
2010-02-27,35.553,-96.752,4.1,"Oklahoma"
2010-02-26,35.625,-97.031,2,"Oklahoma"
2010-02-26,35.616,-97.064,3.1,"Oklahoma"
2010-02-23,35.671,-97.028,2.5,"Oklahoma"
2010-02-21,35.612,-97.042,2.6,"Oklahoma"
2010-02-19,35.668,-97.05,3,"Oklahoma"
2010-02-19,35.63,-96.859,2.5,"Oklahoma"
2010-02-15,35.557,-97.298,3,"Oklahoma"
2010-02-13,35.53,-97.272,3.2,"Oklahoma"
2010-02-01,35.547,-97.236,2.5,"Oklahoma"
2010-01-27,35.552,-97.256,2.3,"Oklahoma"
2010-01-24,35.502,-97.245,3.6,"Oklahoma"
2010-01-18,35.497,-97.25,2.5,"Oklahoma"
2010-01-17,35.553,-97.221,3,"Oklahoma"
2010-01-15,35.555,-97.249,3.7,"Oklahoma"
2010-01-15,35.576,-97.25,3.8,"Oklahoma"
2010-01-14,35.539,-97.238,3.3,"Oklahoma"
2010-01-11,35.539,-97.259,2.8,"Oklahoma"
2010-01-01,35.635,-97.185,2.8,"Oklahoma"
2009-12-30,35.513,-97.275,2.4,"Oklahoma"
2009-12-21,35.498,-97.269,2,"Oklahoma"
2009-12-20,35.554,-97.267,3.1,"Oklahoma"
2009-12-18,35.555,-97.282,2.8,"Oklahoma"
2009-12-17,35.566,-97.287,2.1,"Oklahoma"
2009-12-15,35.579,-97.27,2.4,"Oklahoma"
2009-12-13,35.587,-97.285,3.6,"Oklahoma"
2009-12-12,35.556,-97.316,3.1,"Oklahoma"
2009-12-11,35.588,-97.326,2.8,"Oklahoma"
2009-12-07,35.556,-97.25,3.5,"Oklahoma"
2009-11-29,35.563,-97.275,3,"Oklahoma"
2009-11-25,35.528,-97.273,2.1,"Oklahoma"
2009-11-23,35.495,-97.249,2.6,"Oklahoma"
2009-11-17,34.462,-97.532,3.1,"Oklahoma"
2009-11-16,35.482,-97.228,3,"Oklahoma"
2009-11-14,35.494,-97.204,3.1,"Oklahoma"
2009-11-02,35.432,-96.55,2.7,"Oklahoma"
2009-10-23,35.804,-97.029,3,"Oklahoma"
2009-09-08,35.544,-97.208,2.3,"Oklahoma"
2009-08-28,35.566,-97.29,2.3,"Oklahoma"
2009-08-28,35.566,-97.29,2.4,"Oklahoma"
2009-08-28,35.565,-97.29,3.5,"Oklahoma"
2009-08-27,35.651,-97.363,2.7,"Oklahoma"
2009-08-27,35.566,-97.29,2.7,"Oklahoma"
2009-08-27,35.566,-97.29,2.4,"Oklahoma"
2009-08-27,35.566,-97.29,2.6,"Oklahoma"
2009-08-27,35.566,-97.29,2.5,"Oklahoma"
2009-08-27,35.572,-97.305,2.8,"Oklahoma"
2009-08-27,35.566,-97.29,2.5,"Oklahoma"
2009-08-27,34.942,-96.618,3.4,"Oklahoma"
2009-08-14,35.467,-97.412,2.3,"Oklahoma City urban area
2009-07-23,35.807,-97.018,1.8,"Oklahoma"
2009-07-22,35.742,-96.944,3.3,"Oklahoma"
2009-07-17,34.992,-97.351,2.2,"Oklahoma"
2009-07-01,35.547,-97.169,3.4,"Oklahoma"
2009-06-26,36.361,-97.467,3.7,"Oklahoma"
2009-06-16,35.89,-96.873,2.8,"Oklahoma"
2009-06-14,35.659,-96.85,3.4,"Oklahoma"
2009-05-29,35.71,-96.875,2.2,"Oklahoma"
2009-05-29,35.71,-96.875,2.2,"Oklahoma"
2009-05-24,35.71,-96.875,2,"Oklahoma"
2009-03-17,35.446,-97.456,2.4,"Oklahoma City urban area
2009-03-17,35.446,-97.456,2.5,"Oklahoma City urban area
2009-03-17,35.446,-97.456,2.7,"Oklahoma City urban area
2009-03-08,35.446,-97.456,3.4,"Oklahoma City urban area
2009-02-25,34.735,-96.036,3.3,"Oklahoma"
2009-02-22,36.369,-98.087,3.2,"Oklahoma"
2009-02-03,34.589,-96.34,3.1,"Oklahoma"
2009-01-30,35.724,-96.92,2.4,"Oklahoma"
2009-01-28,35.163,-97.871,3.4,"Oklahoma"
2008-12-02,35.573,-97.568,2.7,"Oklahoma City urban area
2008-10-30,35.443,-97.118,3.1,"Oklahoma"
2008-10-28,35.454,-96.954,2.8,"Oklahoma"
2008-10-21,35.677,-97.131,2.7,"Oklahoma"
2008-06-22,35.82,-97.07,2.9,"Oklahoma"
2008-06-09,35.346,-96.767,3.1,"Oklahoma"
2008-06-09,35.81,-96.985,2.5,"Oklahoma"
2008-06-05,35.457,-97.569,2.5,"Oklahoma City urban area
2008-02-15,34.166,-96.295,2.4,"Oklahoma"
2008-01-26,34.206,-96.258,2.3,"Oklahoma"
2008-01-04,34.497,-96.05,2.5,"Oklahoma"
2007-12-16,34.852,-96.048,2.6,"Oklahoma"
2007-09-02,34.627,-96.117,1.8,"Oklahoma"
2007-05-27,35.149,-95.976,3.2,"Oklahoma"
2007-02-13,35.459,-97.482,2.8,"Oklahoma City urban area
2007-02-12,35.441,-97.459,2.8,"Oklahoma City urban area
2007-01-08,34.536,-96.429,2.5,"Oklahoma"
2006-12-21,35.464,-97.407,2.7,"Oklahoma City urban area
2006-12-21,35.464,-97.407,2.6,"Oklahoma City urban area
2006-11-02,34.153,-97.627,2.9,"Oklahoma"
2006-10-06,34.122,-97.625,3.5,"Oklahoma"
2006-08-16,34.508,-97.372,2.6,"Oklahoma"
2006-08-09,34.589,-97.368,2.9,"Oklahoma"
2006-08-08,34.729,-97.49,2.2,"Oklahoma"
2006-04-05,34.069,-97.314,3,"Oklahoma"
2006-03-15,35.091,-96.3,3,"Oklahoma"
2005-05-19,34.32,-98.069,2.5,"Oklahoma"
2005-05-16,35.25,-97.608,2.8,"Oklahoma"
2005-04-22,34.179,-95.192,3,"Oklahoma"
2004-11-22,34.864,-97.672,3,"Oklahoma"
2004-09-10,35.369,-98.048,2.8,"Oklahoma"
2004-06-10,34.236,-97.267,2.9,"Oklahoma"
2004-06-08,34.233,-97.254,3.5,"Oklahoma"
2004-04-22,34.804,-97.677,2.9,"Oklahoma"
2003-12-11,35.12,-97.525,2.4,"Oklahoma"
2003-12-08,35.12,-97.525,2.4,"Oklahoma"
2003-04-07,33.892,-97.695,2.9,"central Texas"
2002-10-20,34.274,-96.079,3.4,"Oklahoma"
2002-05-31,34.025,-97.619,3.3,"Oklahoma"
2002-03-12,34.27,-97.63,2.2,"Oklahoma"
2002-02-08,34.727,-98.361,3.8,"Oklahoma"
2002-01-25,34,-97.53,2.6,"Oklahoma"
2000-10-08,35.393,-97.98,2.6,"Oklahoma"
1999-10-25,36.846,-99.659,3,"Oklahoma"
1998-10-30,36.8,-97.6,3.5,"Oklahoma"
1998-07-07,34.719,-97.589,3.2,"Oklahoma"
1998-04-28,34.782,-98.416,3.9,"Oklahoma"
1997-09-06,34.66,-96.435,4.5,"Oklahoma"
1997-03-11,34.72,-97.499,2.5,"Oklahoma"
1996-12-19,35.081,-97.647,2.5,"Oklahoma"
1995-12-01,35.061,-99.337,2.9,"Oklahoma"
1995-09-15,36.87,-98.69,4.1,"Oklahoma"
1995-06-01,34.287,-96.732,3,"Oklahoma"
1995-04-05,35.2,-99.028,3,"Oklahoma"
1995-03-23,36.9,-99.6,2.8,"Oklahoma"
1995-01-18,34.774,-97.596,4.2,"Oklahoma"
1994-07-04,34.676,-97.557,2.8,"Oklahoma"
1994-04-29,36.25,-98.09,3,"Oklahoma"
1993-03-11,35.21,-95.93,2.7,"Oklahoma"
1993-01-30,34.04,-97.1,2,"Oklahoma"
1993-01-14,36.595,-98.275,3.1,"Oklahoma"
1992-12-17,34.744,-97.581,3.6,"Oklahoma"
1992-12-17,34.756,-97.6,2.6,"Oklahoma"
1992-12-02,34.9,-97.54,1.8,"Oklahoma"
1992-11-23,34.83,-97.67,2.3,"Oklahoma"
1992-11-21,34.83,-97.68,2.2,"Oklahoma"
1992-11-19,34.808,-97.573,1.8,"Oklahoma"
1992-11-18,35.2,-97.55,2,"Oklahoma"
1992-10-05,36.402,-97.503,2.8,"Oklahoma"
1992-08-10,34.982,-97.453,2.9,"Oklahoma"
1992-08-10,34.618,-96.542,2.2,"Oklahoma"
1992-08-09,34.77,-96.491,2.2,"Oklahoma"
1992-06-30,35.261,-96.421,2.7,"Oklahoma"
1992-03-20,34.808,-97.667,2.2,"Oklahoma"
1992-03-02,34.002,-97.585,1.9,"Oklahoma"
1991-01-24,36.378,-97.3,3,"Oklahoma"
1990-11-15,34.76,-97.59,3.9,"Oklahoma"
1990-09-16,34.8,-95.53,2.5,"Oklahoma"
1990-02-07,35.629,-98.827,2.5,"Oklahoma"
1989-07-20,36.434,-98.876,3.1,"Oklahoma"
1989-07-20,36.405,-98.981,2.7,"Oklahoma"
1989-02-20,35.324,-96.464,2.1,"Oklahoma"
1989-02-07,34.386,-96.831,2,"Oklahoma"
1988-10-13,34.091,-96.144,2.4,"Oklahoma"
1988-10-12,35.883,-98.075,2.1,"Oklahoma"
1988-10-03,34.472,-96.148,1.6,"Oklahoma"
1988-09-28,34.465,-96.847,1.9,"Oklahoma"
1988-09-18,34.926,-97.191,1.9,"Oklahoma"
1988-07-24,35.084,-97.373,1.7,"Oklahoma"
1988-07-05,35.91,-98.71,2.3,"Oklahoma"
1988-06-21,34.507,-96.263,2.1,"Oklahoma"
1988-06-19,33.975,-99.657,2.3,"northern Texas"
1988-06-18,34.034,-98.71,2,"Oklahoma"
1988-06-14,36.533,-97.455,1.8,"Oklahoma"
1988-06-05,34.743,-95.19,2.1,"Oklahoma"
1988-04-21,35.855,-99.207,1.7,"Oklahoma"
1988-03-30,36.31,-98.543,2.3,"Oklahoma"
1988-03-24,35.414,-96.573,2.3,"Oklahoma"
1988-01-30,36.38,-98.466,1.9,"Oklahoma"
1987-12-16,34.877,-95.512,2.1,"Oklahoma"
1987-12-08,36.056,-98.03,2.5,"Oklahoma"
1987-12-08,36.055,-98.024,3.7,"Oklahoma"
1987-12-07,34.581,-97.348,2,"Oklahoma"
1987-12-06,34.664,-97.394,2.6,"Oklahoma"
1987-06-29,34.335,-96.726,1.7,"Oklahoma"
1987-06-18,35.118,-96.347,1.9,"Oklahoma"
1987-06-07,35.165,-95.28,1.5,"Oklahoma"
1987-06-02,34.707,-96.555,1.9,"Oklahoma"
1987-06-01,34.615,-97.38,2.9,"Oklahoma"
1987-05-28,34.683,-97.276,1.6,"Oklahoma"
1987-05-17,35.878,-97.264,1.5,"Oklahoma"
1987-05-17,35.89,-97.236,1.7,"Oklahoma"
1987-05-15,35.455,-97.749,2.1,"Oklahoma"
1987-03-14,34.79,-96.331,2.8,"Oklahoma"
1987-02-26,35.308,-96.62,1.9,"Oklahoma"
1987-02-19,34.846,-97.488,2.1,"Oklahoma"
1987-02-04,34.757,-97.58,1.7,"Oklahoma"
1987-01-24,35.828,-98.097,3.1,"Oklahoma"
1987-01-17,35.051,-97.517,2.3,"Oklahoma"
1987-01-10,34.552,-97.425,2.3,"Oklahoma"
1987-01-06,34.815,-97.576,1.9,"Oklahoma"
1986-12-25,35.399,-95.839,1.7,"Oklahoma"
1986-12-23,34.572,-97.204,1.6,"Oklahoma"
1986-12-21,35.142,-96.676,2.8,"Oklahoma"
1986-12-14,34.959,-96.642,1.6,"Oklahoma"
1986-12-08,35.766,-97.328,2.4,"Oklahoma"
1986-11-27,35.158,-97.671,1.8,"Oklahoma"
1986-11-26,35.125,-97.541,1.9,"Oklahoma"
1986-11-26,34.957,-97.526,1.8,"Oklahoma"
1986-11-05,36.993,-101.561,2.4,"Oklahoma"
1986-11-02,34.192,-96.855,1.7,"Oklahoma"
1986-09-04,34.477,-96.503,2.6,"Oklahoma"
1986-09-02,34.684,-96.483,2.1,"Oklahoma"
1986-07-26,34.591,-96.62,2.3,"Oklahoma"
1986-06-30,34.706,-96.752,2.3,"Oklahoma"
1986-06-10,34.056,-95.592,1.5,"Oklahoma"
1986-06-01,35.656,-96.897,2,"Oklahoma"
1986-05-25,36.23,-94.877,2.2,"Oklahoma"
1986-04-30,34.931,-97.36,2.2,"Oklahoma"
1986-04-29,35.165,-96.003,1.7,"Oklahoma"
1986-04-05,34.405,-96.806,1.6,"Oklahoma"
1986-02-24,34.692,-97.479,2.3,"Oklahoma"
1986-02-14,34.868,-95.373,1.8,"Oklahoma"
1985-12-31,34.76,-97.484,2.7,"Oklahoma"
1985-11-07,34.224,-97.788,2,"Oklahoma"
1985-09-23,34.629,-95.164,2.9,"Oklahoma"
1984-11-20,34.711,-97.414,2.9,"Oklahoma"
1984-03-03,35.51,-96.3,2.6,"Oklahoma"
1984-02-03,34.657,-97.394,3.2,"Oklahoma"
1984-01-06,36.16,-95.58,2.6,"Oklahoma"
1983-03-11,36.791,-100.196,2.7,"Oklahoma"
1982-05-03,34.07,-96.38,3,"Oklahoma"
1981-07-11,34.884,-97.677,3.5,"Oklahoma"
1980-11-02,35.472,-97.777,3,"Oklahoma"
1979-09-13,35.219,-99.518,3.4,"Oklahoma"
1979-06-07,35.187,-99.812,3,"Oklahoma"
1976-04-19,36.134,-99.841,3.5,"Oklahoma"
1976-04-16,36.107,-99.875,3.4,"Oklahoma"
1976-03-30,36.615,-102.083,2.7,"Oklahoma"
1975-11-29,34.521,-97.347,3.5,"Oklahoma"
1975-10-12,34.816,-97.406,3.2,"Oklahoma"
1975-09-13,34.139,-97.369,3.4,"Oklahoma"
1974-12-16,35.33,-97.48,2.6,"Oklahoma City urban area
1974-02-15,36.5,-100.693,4.5,"Oklahoma"
